Time(ms),Source IP, Source Port, Dest IP, Dest Port,Throughput(Mbps)
100,192.168.1.2,49153,192.168.3.2,9,0.00864
100,192.168.2.2,49153,192.168.3.2,10,0.00864
100,192.168.3.2,9,192.168.1.2,49153,0.00448
100,192.168.3.2,10,192.168.2.2,49153,0.00448
200,192.168.1.2,49153,192.168.3.2,9,0
200,192.168.2.2,49153,192.168.3.2,10,0
200,192.168.3.2,9,192.168.1.2,49153,0
200,192.168.3.2,10,192.168.2.2,49153,0
300,192.168.1.2,49153,192.168.3.2,9,0
300,192.168.2.2,49153,192.168.3.2,10,0
300,192.168.3.2,9,192.168.1.2,49153,0
300,192.168.3.2,10,192.168.2.2,49153,0
400,192.168.1.2,49153,192.168.3.2,9,0
400,192.168.2.2,49153,192.168.3.2,10,0
400,192.168.3.2,9,192.168.1.2,49153,0
400,192.168.3.2,10,192.168.2.2,49153,0
500,192.168.1.2,49153,192.168.3.2,9,0
500,192.168.2.2,49153,192.168.3.2,10,0
500,192.168.3.2,9,192.168.1.2,49153,0
500,192.168.3.2,10,192.168.2.2,49153,0
500,192.168.5.2,49153,192.168.6.2,9,0
500,192.168.5.2,49154,192.168.7.2,10,0
500,192.168.5.2,49155,192.168.8.2,10,0
500,192.168.6.2,49153,192.168.7.2,11,0
500,192.168.6.2,49154,192.168.8.2,11,0
500,192.168.8.2,49153,192.168.8.2,9,0
600,192.168.1.2,49153,192.168.3.2,9,0
600,192.168.2.2,49153,192.168.3.2,10,0
600,192.168.3.2,9,192.168.1.2,49153,0
600,192.168.3.2,10,192.168.2.2,49153,0
600,192.168.5.2,49153,192.168.6.2,9,105.616
600,192.168.5.2,49154,192.168.7.2,10,183.252
600,192.168.5.2,49155,192.168.8.2,10,183.094
600,192.168.6.2,49153,192.168.7.2,11,183.264
600,192.168.6.2,49154,192.168.8.2,11,183.235
600,192.168.8.2,49153,192.168.8.2,9,0.00448
600,192.168.8.2,9,192.168.8.2,49153,0.0032
600,192.168.6.2,9,192.168.5.2,49153,6.81856
600,192.168.7.2,11,192.168.6.2,49153,11.4653
600,192.168.7.2,10,192.168.5.2,49154,11.4528
600,192.168.8.2,11,192.168.6.2,49154,11.4362
600,192.168.8.2,10,192.168.5.2,49155,11.4237
700,192.168.1.2,49153,192.168.3.2,9,0
700,192.168.2.2,49153,192.168.3.2,10,0
700,192.168.3.2,9,192.168.1.2,49153,0
700,192.168.3.2,10,192.168.2.2,49153,0
700,192.168.5.2,49153,192.168.6.2,9,106.891
700,192.168.5.2,49154,192.168.7.2,10,187.091
700,192.168.5.2,49155,192.168.8.2,10,187.219
700,192.168.6.2,49153,192.168.7.2,11,187.091
700,192.168.6.2,49154,192.168.8.2,11,187.091
700,192.168.8.2,49153,192.168.8.2,9,0
700,192.168.8.2,9,192.168.8.2,49153,0
700,192.168.6.2,9,192.168.5.2,49153,6.93056
700,192.168.7.2,11,192.168.6.2,49153,12.1347
700,192.168.7.2,10,192.168.5.2,49154,12.1306
700,192.168.8.2,11,192.168.6.2,49154,12.1306
700,192.168.8.2,10,192.168.5.2,49155,12.1306
800,192.168.1.2,49153,192.168.3.2,9,0
800,192.168.2.2,49153,192.168.3.2,10,0
800,192.168.3.2,9,192.168.1.2,49153,0
800,192.168.3.2,10,192.168.2.2,49153,0
800,192.168.5.2,49153,192.168.6.2,9,106.891
800,192.168.5.2,49154,192.168.7.2,10,187.219
800,192.168.5.2,49155,192.168.8.2,10,187.091
800,192.168.6.2,49153,192.168.7.2,11,187.219
800,192.168.6.2,49154,192.168.8.2,11,187.091
800,192.168.8.2,49153,192.168.8.2,9,0
800,192.168.8.2,9,192.168.8.2,49153,0
800,192.168.6.2,9,192.168.5.2,49153,6.93888
800,192.168.7.2,11,192.168.6.2,49153,12.1347
800,192.168.7.2,10,192.168.5.2,49154,12.1389
800,192.168.8.2,11,192.168.6.2,49154,12.1347
800,192.168.8.2,10,192.168.5.2,49155,12.1306
900,192.168.1.2,49153,192.168.3.2,9,0
900,192.168.2.2,49153,192.168.3.2,10,0
900,192.168.3.2,9,192.168.1.2,49153,0
900,192.168.3.2,10,192.168.2.2,49153,0
900,192.168.5.2,49153,192.168.6.2,9,107.019
900,192.168.5.2,49154,192.168.7.2,10,187.091
900,192.168.5.2,49155,192.168.8.2,10,187.091
900,192.168.6.2,49153,192.168.7.2,11,187.091
900,192.168.6.2,49154,192.168.8.2,11,187.219
900,192.168.8.2,49153,192.168.8.2,9,0
900,192.168.8.2,9,192.168.8.2,49153,0
900,192.168.6.2,9,192.168.5.2,49153,6.93056
900,192.168.7.2,11,192.168.6.2,49153,12.1306
900,192.168.7.2,10,192.168.5.2,49154,12.1306
900,192.168.8.2,11,192.168.6.2,49154,12.1347
900,192.168.8.2,10,192.168.5.2,49155,12.1389
1000,192.168.1.2,49153,192.168.3.2,9,0
1000,192.168.2.2,49153,192.168.3.2,10,0
1000,192.168.3.2,9,192.168.1.2,49153,0
1000,192.168.3.2,10,192.168.2.2,49153,0
1000,192.168.5.2,49153,192.168.6.2,9,106.891
1000,192.168.5.2,49154,192.168.7.2,10,187.091
1000,192.168.5.2,49155,192.168.8.2,10,187.219
1000,192.168.6.2,49153,192.168.7.2,11,187.091
1000,192.168.6.2,49154,192.168.8.2,11,187.091
1000,192.168.8.2,49153,192.168.8.2,9,0
1000,192.168.8.2,9,192.168.8.2,49153,0
1000,192.168.6.2,9,192.168.5.2,49153,6.93056
1000,192.168.7.2,11,192.168.6.2,49153,12.1347
1000,192.168.7.2,10,192.168.5.2,49154,12.1306
1000,192.168.8.2,11,192.168.6.2,49154,12.1306
1000,192.168.8.2,10,192.168.5.2,49155,12.1306
1100,192.168.1.2,49153,192.168.3.2,9,255.435
1100,192.168.2.2,49153,192.168.3.2,10,203.235
1100,192.168.3.2,9,192.168.1.2,49153,8.83968
1100,192.168.3.2,10,192.168.2.2,49153,7.13664
1100,192.168.5.2,49153,192.168.6.2,9,106.891
1100,192.168.5.2,49154,192.168.7.2,10,183.402
1100,192.168.5.2,49155,192.168.8.2,10,76.449
1100,192.168.6.2,49153,192.168.7.2,11,183.149
1100,192.168.6.2,49154,192.168.8.2,11,79.6662
1100,192.168.8.2,49153,192.168.8.2,9,0
1100,192.168.8.2,9,192.168.8.2,49153,0
1100,192.168.6.2,9,192.168.5.2,49153,6.93888
1100,192.168.7.2,11,192.168.6.2,49153,10.3898
1100,192.168.7.2,10,192.168.5.2,49154,10.3968
1100,192.168.8.2,11,192.168.6.2,49154,4.7856
1100,192.168.8.2,10,192.168.5.2,49155,5.12032
1200,192.168.1.2,49153,192.168.3.2,9,340.68
1200,192.168.2.2,49153,192.168.3.2,10,286.92
1200,192.168.3.2,9,192.168.1.2,49153,11.8602
1200,192.168.3.2,10,192.168.2.2,49153,9.89248
1200,192.168.5.2,49153,192.168.6.2,9,107.019
1200,192.168.5.2,49154,192.168.7.2,10,185.294
1200,192.168.5.2,49155,192.168.8.2,10,0
1200,192.168.6.2,49153,192.168.7.2,11,185.414
1200,192.168.6.2,49154,192.168.8.2,11,0
1200,192.168.8.2,49153,192.168.8.2,9,0
1200,192.168.8.2,9,192.168.8.2,49153,0
1200,192.168.6.2,9,192.168.5.2,49153,6.93056
1200,192.168.7.2,11,192.168.6.2,49153,12.0224
1200,192.168.7.2,10,192.168.5.2,49154,12.0224
1200,192.168.8.2,11,192.168.6.2,49154,0
1200,192.168.8.2,10,192.168.5.2,49155,0
1300,192.168.1.2,49153,192.168.3.2,9,340.763
1300,192.168.2.2,49153,192.168.3.2,10,295.668
1300,192.168.3.2,9,192.168.1.2,49153,12.0659
1300,192.168.3.2,10,192.168.2.2,49153,10.5485
1300,192.168.5.2,49153,192.168.6.2,9,106.891
1300,192.168.5.2,49154,192.168.7.2,10,174.154
1300,192.168.5.2,49155,192.168.8.2,10,0
1300,192.168.6.2,49153,192.168.7.2,11,187.612
1300,192.168.6.2,49154,192.168.8.2,11,0
1300,192.168.8.2,49153,192.168.8.2,9,0
1300,192.168.8.2,9,192.168.8.2,49153,0
1300,192.168.6.2,9,192.168.5.2,49153,6.93888
1300,192.168.7.2,11,192.168.6.2,49153,12.1638
1300,192.168.7.2,10,192.168.5.2,49154,9.66432
1300,192.168.8.2,11,192.168.6.2,49154,0
1300,192.168.8.2,10,192.168.5.2,49155,0
1400,192.168.1.2,49153,192.168.3.2,9,332.16
1400,192.168.2.2,49153,192.168.3.2,10,303.48
1400,192.168.3.2,9,192.168.1.2,49153,11.5398
1400,192.168.3.2,10,192.168.2.2,49153,10.5456
1400,192.168.5.2,49153,192.168.6.2,9,106.891
1400,192.168.5.2,49154,192.168.7.2,10,177.36
1400,192.168.5.2,49155,192.168.8.2,10,0
1400,192.168.6.2,49153,192.168.7.2,11,185.551
1400,192.168.6.2,49154,192.168.8.2,11,0
1400,192.168.8.2,49153,192.168.8.2,9,0
1400,192.168.8.2,9,192.168.8.2,49153,0
1400,192.168.6.2,9,192.168.5.2,49153,6.93056
1400,192.168.7.2,11,192.168.6.2,49153,12.0307
1400,192.168.7.2,10,192.168.5.2,49154,6.0944
1400,192.168.8.2,11,192.168.6.2,49154,0
1400,192.168.8.2,10,192.168.5.2,49155,0
1500,192.168.1.2,49153,192.168.3.2,9,413.049
1500,192.168.2.2,49153,192.168.3.2,10,375.205
1500,192.168.3.2,9,192.168.1.2,49153,15.023
1500,192.168.3.2,10,192.168.2.2,49153,13.2829
1500,192.168.5.2,49153,192.168.6.2,9,107.019
1500,192.168.5.2,49154,192.168.7.2,10,185.916
1500,192.168.5.2,49155,192.168.8.2,10,0
1500,192.168.6.2,49153,192.168.7.2,11,18.9248
1500,192.168.6.2,49154,192.168.8.2,11,0
1500,192.168.8.2,49153,192.168.8.2,9,0
1500,192.168.8.2,9,192.168.8.2,49153,0
1500,192.168.6.2,9,192.168.5.2,49153,6.93056
1500,192.168.7.2,11,192.168.6.2,49153,1.44032
1500,192.168.7.2,10,192.168.5.2,49154,11.6848
1500,192.168.8.2,11,192.168.6.2,49154,0
1500,192.168.8.2,10,192.168.5.2,49155,0
1600,192.168.1.2,49153,192.168.3.2,9,412.984
1600,192.168.2.2,49153,192.168.3.2,10,390.982
1600,192.168.3.2,9,192.168.1.2,49153,18.7846
1600,192.168.3.2,10,192.168.2.2,49153,14.1949
1600,192.168.5.2,49153,192.168.6.2,9,106.891
1600,192.168.5.2,49154,192.168.7.2,10,187.541
1600,192.168.5.2,49155,192.168.8.2,10,0
1600,192.168.6.2,49153,192.168.7.2,11,0
1600,192.168.6.2,49154,192.168.8.2,11,0
1600,192.168.8.2,49153,192.168.8.2,9,0
1600,192.168.8.2,9,192.168.8.2,49153,0
1600,192.168.6.2,9,192.168.5.2,49153,6.93888
1600,192.168.7.2,11,192.168.6.2,49153,0
1600,192.168.7.2,10,192.168.5.2,49154,12.2314
1600,192.168.8.2,11,192.168.6.2,49154,0
1600,192.168.8.2,10,192.168.5.2,49155,0
1700,192.168.1.2,49153,192.168.3.2,9,408.41
1700,192.168.2.2,49153,192.168.3.2,10,396.91
1700,192.168.3.2,9,192.168.1.2,49153,15.8784
1700,192.168.3.2,10,192.168.2.2,49153,14.4269
1700,192.168.5.2,49153,192.168.6.2,9,106.891
1700,192.168.5.2,49154,192.168.7.2,10,187.48
1700,192.168.5.2,49155,192.168.8.2,10,0
1700,192.168.6.2,49153,192.168.7.2,11,0
1700,192.168.6.2,49154,192.168.8.2,11,0
1700,192.168.8.2,49153,192.168.8.2,9,0
1700,192.168.8.2,9,192.168.8.2,49153,0
1700,192.168.6.2,9,192.168.5.2,49153,6.93056
1700,192.168.7.2,11,192.168.6.2,49153,0
1700,192.168.7.2,10,192.168.5.2,49154,12.2566
1700,192.168.8.2,11,192.168.6.2,49154,0
1700,192.168.8.2,10,192.168.5.2,49155,0
1800,192.168.1.2,49153,192.168.3.2,9,402.67
1800,192.168.2.2,49153,192.168.3.2,10,409.183
1800,192.168.3.2,9,192.168.1.2,49153,15.2531
1800,192.168.3.2,10,192.168.2.2,49153,14.7763
1800,192.168.5.2,49153,192.168.6.2,9,107.019
1800,192.168.5.2,49154,192.168.7.2,10,186.556
1800,192.168.5.2,49155,192.168.8.2,10,0
1800,192.168.6.2,49153,192.168.7.2,11,0
1800,192.168.6.2,49154,192.168.8.2,11,0
1800,192.168.8.2,49153,192.168.8.2,9,0
1800,192.168.8.2,9,192.168.8.2,49153,0
1800,192.168.6.2,9,192.168.5.2,49153,6.93056
1800,192.168.7.2,11,192.168.6.2,49153,0
1800,192.168.7.2,10,192.168.5.2,49154,12.1914
1800,192.168.8.2,11,192.168.6.2,49154,0
1800,192.168.8.2,10,192.168.5.2,49155,0
1900,192.168.1.2,49153,192.168.3.2,9,357.72
1900,192.168.2.2,49153,192.168.3.2,10,457.204
1900,192.168.3.2,9,192.168.1.2,49153,12.4384
1900,192.168.3.2,10,192.168.2.2,49153,29.6691
1900,192.168.5.2,49153,192.168.6.2,9,106.891
1900,192.168.5.2,49154,192.168.7.2,10,183.062
1900,192.168.5.2,49155,192.168.8.2,10,0
1900,192.168.6.2,49153,192.168.7.2,11,0
1900,192.168.6.2,49154,192.168.8.2,11,0
1900,192.168.8.2,49153,192.168.8.2,9,0
1900,192.168.8.2,9,192.168.8.2,49153,0
1900,192.168.6.2,9,192.168.5.2,49153,6.93888
1900,192.168.7.2,11,192.168.6.2,49153,0
1900,192.168.7.2,10,192.168.5.2,49154,8.56128
1900,192.168.8.2,11,192.168.6.2,49154,0
1900,192.168.8.2,10,192.168.5.2,49155,0
2000,192.168.1.2,49153,192.168.3.2,9,395.132
2000,192.168.2.2,49153,192.168.3.2,10,414.559
2000,192.168.3.2,9,192.168.1.2,49153,14.1472
2000,192.168.3.2,10,192.168.2.2,49153,18.7907
2000,192.168.5.2,49153,192.168.6.2,9,106.891
2000,192.168.5.2,49154,192.168.7.2,10,187.476
2000,192.168.5.2,49155,192.168.8.2,10,0
2000,192.168.6.2,49153,192.168.7.2,11,0
2000,192.168.6.2,49154,192.168.8.2,11,0
2000,192.168.8.2,49153,192.168.8.2,9,0
2000,192.168.8.2,9,192.168.8.2,49153,0
2000,192.168.6.2,9,192.168.5.2,49153,6.93056
2000,192.168.7.2,11,192.168.6.2,49153,0
2000,192.168.7.2,10,192.168.5.2,49154,12.1597
2000,192.168.8.2,11,192.168.6.2,49154,0
2000,192.168.8.2,10,192.168.5.2,49155,0
2100,192.168.1.2,49153,192.168.3.2,9,12.977
2100,192.168.2.2,49153,192.168.3.2,10,13.337
2100,192.168.3.2,9,192.168.1.2,49153,0.51168
2100,192.168.3.2,10,192.168.2.2,49153,0.57824
2100,192.168.5.2,49153,192.168.6.2,9,107.019
2100,192.168.5.2,49154,192.168.7.2,10,189.272
2100,192.168.5.2,49155,192.168.8.2,10,112.73
2100,192.168.6.2,49153,192.168.7.2,11,0
2100,192.168.6.2,49154,192.168.8.2,11,108.852
2100,192.168.8.2,49153,192.168.8.2,9,0
2100,192.168.8.2,9,192.168.8.2,49153,0
2100,192.168.6.2,9,192.168.5.2,49153,6.93056
2100,192.168.7.2,11,192.168.6.2,49153,0
2100,192.168.7.2,10,192.168.5.2,49154,12.2678
2100,192.168.8.2,11,192.168.6.2,49154,6.0528
2100,192.168.8.2,10,192.168.5.2,49155,6.21088
2200,192.168.1.2,49153,192.168.3.2,9,0
2200,192.168.2.2,49153,192.168.3.2,10,0
2200,192.168.3.2,9,192.168.1.2,49153,0
2200,192.168.3.2,10,192.168.2.2,49153,0
2200,192.168.5.2,49153,192.168.6.2,9,106.891
2200,192.168.5.2,49154,192.168.7.2,10,187.091
2200,192.168.5.2,49155,192.168.8.2,10,187.091
2200,192.168.6.2,49153,192.168.7.2,11,0
2200,192.168.6.2,49154,192.168.8.2,11,187.091
2200,192.168.8.2,49153,192.168.8.2,9,0
2200,192.168.8.2,9,192.168.8.2,49153,0
2200,192.168.6.2,9,192.168.5.2,49153,6.93056
2200,192.168.7.2,11,192.168.6.2,49153,0
2200,192.168.7.2,10,192.168.5.2,49154,12.1389
2200,192.168.8.2,11,192.168.6.2,49154,12.1389
2200,192.168.8.2,10,192.168.5.2,49155,12.1306
2300,192.168.1.2,49153,192.168.3.2,9,0
2300,192.168.2.2,49153,192.168.3.2,10,0
2300,192.168.3.2,9,192.168.1.2,49153,0
2300,192.168.3.2,10,192.168.2.2,49153,0
2300,192.168.5.2,49153,192.168.6.2,9,106.891
2300,192.168.5.2,49154,192.168.7.2,10,187.219
2300,192.168.5.2,49155,192.168.8.2,10,187.091
2300,192.168.6.2,49153,192.168.7.2,11,0
2300,192.168.6.2,49154,192.168.8.2,11,187.219
2300,192.168.8.2,49153,192.168.8.2,9,0
2300,192.168.8.2,9,192.168.8.2,49153,0
2300,192.168.6.2,9,192.168.5.2,49153,6.93888
2300,192.168.7.2,11,192.168.6.2,49153,0
2300,192.168.7.2,10,192.168.5.2,49154,12.1306
2300,192.168.8.2,11,192.168.6.2,49154,12.1306
2300,192.168.8.2,10,192.168.5.2,49155,12.1389
2400,192.168.1.2,49153,192.168.3.2,9,0
2400,192.168.2.2,49153,192.168.3.2,10,0
2400,192.168.3.2,9,192.168.1.2,49153,0
2400,192.168.3.2,10,192.168.2.2,49153,0
2400,192.168.5.2,49153,192.168.6.2,9,107.019
2400,192.168.5.2,49154,192.168.7.2,10,187.091
2400,192.168.5.2,49155,192.168.8.2,10,187.219
2400,192.168.6.2,49153,192.168.7.2,11,0
2400,192.168.6.2,49154,192.168.8.2,11,187.091
2400,192.168.8.2,49153,192.168.8.2,9,0
2400,192.168.8.2,9,192.168.8.2,49153,0
2400,192.168.6.2,9,192.168.5.2,49153,6.93056
2400,192.168.7.2,11,192.168.6.2,49153,0
2400,192.168.7.2,10,192.168.5.2,49154,12.1306
2400,192.168.8.2,11,192.168.6.2,49154,12.1306
2400,192.168.8.2,10,192.168.5.2,49155,12.1306
2500,192.168.1.2,49153,192.168.3.2,9,0
2500,192.168.2.2,49153,192.168.3.2,10,0
2500,192.168.3.2,9,192.168.1.2,49153,0
2500,192.168.3.2,10,192.168.2.2,49153,0
2500,192.168.5.2,49153,192.168.6.2,9,106.891
2500,192.168.5.2,49154,192.168.7.2,10,187.091
2500,192.168.5.2,49155,192.168.8.2,10,187.091
2500,192.168.6.2,49153,192.168.7.2,11,173.807
2500,192.168.6.2,49154,192.168.8.2,11,187.091
2500,192.168.8.2,49153,192.168.8.2,9,0
2500,192.168.8.2,9,192.168.8.2,49153,0
2500,192.168.6.2,9,192.168.5.2,49153,6.93056
2500,192.168.7.2,11,192.168.6.2,49153,10.296
2500,192.168.7.2,10,192.168.5.2,49154,12.1389
2500,192.168.8.2,11,192.168.6.2,49154,12.1306
2500,192.168.8.2,10,192.168.5.2,49155,12.1306
2600,192.168.1.2,49153,192.168.3.2,9,0
2600,192.168.2.2,49153,192.168.3.2,10,0
2600,192.168.3.2,9,192.168.1.2,49153,0
2600,192.168.3.2,10,192.168.2.2,49153,0
2600,192.168.5.2,49153,192.168.6.2,9,106.891
2600,192.168.5.2,49154,192.168.7.2,10,187.219
2600,192.168.5.2,49155,192.168.8.2,10,187.091
2600,192.168.6.2,49153,192.168.7.2,11,187.099
2600,192.168.6.2,49154,192.168.8.2,11,187.091
2600,192.168.8.2,49153,192.168.8.2,9,0
2600,192.168.8.2,9,192.168.8.2,49153,0
2600,192.168.6.2,9,192.168.5.2,49153,6.93888
2600,192.168.7.2,11,192.168.6.2,49153,12.1306
2600,192.168.7.2,10,192.168.5.2,49154,12.1306
2600,192.168.8.2,11,192.168.6.2,49154,12.1389
2600,192.168.8.2,10,192.168.5.2,49155,12.1389
2700,192.168.1.2,49153,192.168.3.2,9,0
2700,192.168.2.2,49153,192.168.3.2,10,0
2700,192.168.3.2,9,192.168.1.2,49153,0
2700,192.168.3.2,10,192.168.2.2,49153,0
2700,192.168.5.2,49153,192.168.6.2,9,107.019
2700,192.168.5.2,49154,192.168.7.2,10,187.091
2700,192.168.5.2,49155,192.168.8.2,10,187.219
2700,192.168.6.2,49153,192.168.7.2,11,187.091
2700,192.168.6.2,49154,192.168.8.2,11,187.219
2700,192.168.8.2,49153,192.168.8.2,9,0
2700,192.168.8.2,9,192.168.8.2,49153,0
2700,192.168.6.2,9,192.168.5.2,49153,6.93056
2700,192.168.7.2,11,192.168.6.2,49153,12.1306
2700,192.168.7.2,10,192.168.5.2,49154,12.1306
2700,192.168.8.2,11,192.168.6.2,49154,12.1306
2700,192.168.8.2,10,192.168.5.2,49155,12.1306
2800,192.168.1.2,49153,192.168.3.2,9,0
2800,192.168.2.2,49153,192.168.3.2,10,0
2800,192.168.3.2,9,192.168.1.2,49153,0
2800,192.168.3.2,10,192.168.2.2,49153,0
2800,192.168.5.2,49153,192.168.6.2,9,106.891
2800,192.168.5.2,49154,192.168.7.2,10,187.091
2800,192.168.5.2,49155,192.168.8.2,10,187.091
2800,192.168.6.2,49153,192.168.7.2,11,187.211
2800,192.168.6.2,49154,192.168.8.2,11,187.091
2800,192.168.8.2,49153,192.168.8.2,9,0
2800,192.168.8.2,9,192.168.8.2,49153,0
2800,192.168.6.2,9,192.168.5.2,49153,6.93056
2800,192.168.7.2,11,192.168.6.2,49153,12.1389
2800,192.168.7.2,10,192.168.5.2,49154,12.1389
2800,192.168.8.2,11,192.168.6.2,49154,12.1306
2800,192.168.8.2,10,192.168.5.2,49155,12.1306
2900,192.168.1.2,49153,192.168.3.2,9,0
2900,192.168.2.2,49153,192.168.3.2,10,0
2900,192.168.3.2,9,192.168.1.2,49153,0
2900,192.168.3.2,10,192.168.2.2,49153,0
2900,192.168.5.2,49153,192.168.6.2,9,106.891
2900,192.168.5.2,49154,192.168.7.2,10,187.219
2900,192.168.5.2,49155,192.168.8.2,10,187.091
2900,192.168.6.2,49153,192.168.7.2,11,187.099
2900,192.168.6.2,49154,192.168.8.2,11,187.211
2900,192.168.8.2,49153,192.168.8.2,9,0
2900,192.168.8.2,9,192.168.8.2,49153,0
2900,192.168.6.2,9,192.168.5.2,49153,6.93888
2900,192.168.7.2,11,192.168.6.2,49153,12.1306
2900,192.168.7.2,10,192.168.5.2,49154,12.1306
2900,192.168.8.2,11,192.168.6.2,49154,12.1389
2900,192.168.8.2,10,192.168.5.2,49155,12.1389
3000,192.168.1.2,49153,192.168.3.2,9,0
3000,192.168.2.2,49153,192.168.3.2,10,0
3000,192.168.3.2,9,192.168.1.2,49153,0
3000,192.168.3.2,10,192.168.2.2,49153,0
3000,192.168.5.2,49153,192.168.6.2,9,107.019
3000,192.168.5.2,49154,192.168.7.2,10,187.091
3000,192.168.5.2,49155,192.168.8.2,10,187.219
3000,192.168.6.2,49153,192.168.7.2,11,187.091
3000,192.168.6.2,49154,192.168.8.2,11,187.099
3000,192.168.8.2,49153,192.168.8.2,9,0
3000,192.168.8.2,9,192.168.8.2,49153,0
3000,192.168.6.2,9,192.168.5.2,49153,6.93056
3000,192.168.7.2,11,192.168.6.2,49153,12.1306
3000,192.168.7.2,10,192.168.5.2,49154,12.1306
3000,192.168.8.2,11,192.168.6.2,49154,12.1306
3000,192.168.8.2,10,192.168.5.2,49155,12.1306
3100,192.168.1.2,49153,192.168.3.2,9,667.831
3100,192.168.2.2,49153,192.168.3.2,10,19.3667
3100,192.168.3.2,9,192.168.1.2,49153,26.7709
3100,192.168.3.2,10,192.168.2.2,49153,1.22816
3100,192.168.5.2,49153,192.168.6.2,9,106.891
3100,192.168.5.2,49154,192.168.7.2,10,16.0067
3100,192.168.5.2,49155,192.168.8.2,10,15.8688
3100,192.168.6.2,49153,192.168.7.2,11,16.1462
3100,192.168.6.2,49154,192.168.8.2,11,16.1296
3100,192.168.8.2,49153,192.168.8.2,9,0
3100,192.168.8.2,9,192.168.8.2,49153,0
3100,192.168.6.2,9,192.168.5.2,49153,6.93888
3100,192.168.7.2,11,192.168.6.2,49153,1.07456
3100,192.168.7.2,10,192.168.5.2,49154,1.4208
3100,192.168.8.2,11,192.168.6.2,49154,1.05952
3100,192.168.8.2,10,192.168.5.2,49155,1.03968
3200,192.168.1.2,49153,192.168.3.2,9,900.678
3200,192.168.2.2,49153,192.168.3.2,10,0
3200,192.168.3.2,9,192.168.1.2,49153,58.3606
3200,192.168.3.2,10,192.168.2.2,49153,0
3200,192.168.5.2,49153,192.168.6.2,9,106.891
3200,192.168.5.2,49154,192.168.7.2,10,0
3200,192.168.5.2,49155,192.168.8.2,10,0
3200,192.168.6.2,49153,192.168.7.2,11,0
3200,192.168.6.2,49154,192.168.8.2,11,0
3200,192.168.8.2,49153,192.168.8.2,9,0
3200,192.168.8.2,9,192.168.8.2,49153,0
3200,192.168.6.2,9,192.168.5.2,49153,6.93056
3200,192.168.7.2,11,192.168.6.2,49153,0
3200,192.168.7.2,10,192.168.5.2,49154,0
3200,192.168.8.2,11,192.168.6.2,49154,0
3200,192.168.8.2,10,192.168.5.2,49155,0
3300,192.168.1.2,49153,192.168.3.2,9,900.036
3300,192.168.2.2,49153,192.168.3.2,10,0
3300,192.168.3.2,9,192.168.1.2,49153,58.3981
3300,192.168.3.2,10,192.168.2.2,49153,0
3300,192.168.5.2,49153,192.168.6.2,9,107.019
3300,192.168.5.2,49154,192.168.7.2,10,0
3300,192.168.5.2,49155,192.168.8.2,10,0
3300,192.168.6.2,49153,192.168.7.2,11,0
3300,192.168.6.2,49154,192.168.8.2,11,0
3300,192.168.8.2,49153,192.168.8.2,9,0
3300,192.168.8.2,9,192.168.8.2,49153,0
3300,192.168.6.2,9,192.168.5.2,49153,6.93056
3300,192.168.7.2,11,192.168.6.2,49153,0
3300,192.168.7.2,10,192.168.5.2,49154,0
3300,192.168.8.2,11,192.168.6.2,49154,0
3300,192.168.8.2,10,192.168.5.2,49155,0
3400,192.168.1.2,49153,192.168.3.2,9,900.165
3400,192.168.2.2,49153,192.168.3.2,10,0
3400,192.168.3.2,9,192.168.1.2,49153,58.3648
3400,192.168.3.2,10,192.168.2.2,49153,0
3400,192.168.5.2,49153,192.168.6.2,9,106.891
3400,192.168.5.2,49154,192.168.7.2,10,0
3400,192.168.5.2,49155,192.168.8.2,10,0
3400,192.168.6.2,49153,192.168.7.2,11,0
3400,192.168.6.2,49154,192.168.8.2,11,0
3400,192.168.8.2,49153,192.168.8.2,9,0
3400,192.168.8.2,9,192.168.8.2,49153,0
3400,192.168.6.2,9,192.168.5.2,49153,6.93888
3400,192.168.7.2,11,192.168.6.2,49153,0
3400,192.168.7.2,10,192.168.5.2,49154,0
3400,192.168.8.2,11,192.168.6.2,49154,0
3400,192.168.8.2,10,192.168.5.2,49155,0
3500,192.168.1.2,49153,192.168.3.2,9,900.678
3500,192.168.2.2,49153,192.168.3.2,10,0
3500,192.168.3.2,9,192.168.1.2,49153,58.3565
3500,192.168.3.2,10,192.168.2.2,49153,0
3500,192.168.5.2,49153,192.168.6.2,9,106.891
3500,192.168.5.2,49154,192.168.7.2,10,0
3500,192.168.5.2,49155,192.168.8.2,10,0
3500,192.168.6.2,49153,192.168.7.2,11,0
3500,192.168.6.2,49154,192.168.8.2,11,0
3500,192.168.8.2,49153,192.168.8.2,9,0
3500,192.168.8.2,9,192.168.8.2,49153,0
3500,192.168.6.2,9,192.168.5.2,49153,6.93056
3500,192.168.7.2,11,192.168.6.2,49153,0
3500,192.168.7.2,10,192.168.5.2,49154,0
3500,192.168.8.2,11,192.168.6.2,49154,0
3500,192.168.8.2,10,192.168.5.2,49155,0
3600,192.168.1.2,49153,192.168.3.2,9,900.165
3600,192.168.2.2,49153,192.168.3.2,10,0
3600,192.168.3.2,9,192.168.1.2,49153,58.4064
3600,192.168.3.2,10,192.168.2.2,49153,0
3600,192.168.5.2,49153,192.168.6.2,9,107.019
3600,192.168.5.2,49154,192.168.7.2,10,0
3600,192.168.5.2,49155,192.168.8.2,10,0
3600,192.168.6.2,49153,192.168.7.2,11,0
3600,192.168.6.2,49154,192.168.8.2,11,0
3600,192.168.8.2,49153,192.168.8.2,9,0.00448
3600,192.168.8.2,9,192.168.8.2,49153,0.0032
3600,192.168.6.2,9,192.168.5.2,49153,6.93056
3600,192.168.7.2,11,192.168.6.2,49153,0
3600,192.168.7.2,10,192.168.5.2,49154,0
3600,192.168.8.2,11,192.168.6.2,49154,0
3600,192.168.8.2,10,192.168.5.2,49155,0
3700,192.168.1.2,49153,192.168.3.2,9,900.165
3700,192.168.2.2,49153,192.168.3.2,10,0
3700,192.168.3.2,9,192.168.1.2,49153,58.3648
3700,192.168.3.2,10,192.168.2.2,49153,0
3700,192.168.5.2,49153,192.168.6.2,9,106.891
3700,192.168.5.2,49154,192.168.7.2,10,0
3700,192.168.5.2,49155,192.168.8.2,10,0
3700,192.168.6.2,49153,192.168.7.2,11,0
3700,192.168.6.2,49154,192.168.8.2,11,0
3700,192.168.8.2,49153,192.168.8.2,9,0
3700,192.168.8.2,9,192.168.8.2,49153,0
3700,192.168.6.2,9,192.168.5.2,49153,6.93888
3700,192.168.7.2,11,192.168.6.2,49153,0
3700,192.168.7.2,10,192.168.5.2,49154,0
3700,192.168.8.2,11,192.168.6.2,49154,0
3700,192.168.8.2,10,192.168.5.2,49155,0
3800,192.168.1.2,49153,192.168.3.2,9,900.678
3800,192.168.2.2,49153,192.168.3.2,10,0
3800,192.168.3.2,9,192.168.1.2,49153,58.3565
3800,192.168.3.2,10,192.168.2.2,49153,0
3800,192.168.5.2,49153,192.168.6.2,9,106.891
3800,192.168.5.2,49154,192.168.7.2,10,0
3800,192.168.5.2,49155,192.168.8.2,10,0
3800,192.168.6.2,49153,192.168.7.2,11,0
3800,192.168.6.2,49154,192.168.8.2,11,0
3800,192.168.8.2,49153,192.168.8.2,9,0
3800,192.168.8.2,9,192.168.8.2,49153,0
3800,192.168.6.2,9,192.168.5.2,49153,6.93056
3800,192.168.7.2,11,192.168.6.2,49153,0
3800,192.168.7.2,10,192.168.5.2,49154,0
3800,192.168.8.2,11,192.168.6.2,49154,0
3800,192.168.8.2,10,192.168.5.2,49155,0
3900,192.168.1.2,49153,192.168.3.2,9,900.036
3900,192.168.2.2,49153,192.168.3.2,10,0
3900,192.168.3.2,9,192.168.1.2,49153,58.4064
3900,192.168.3.2,10,192.168.2.2,49153,0
3900,192.168.5.2,49153,192.168.6.2,9,107.019
3900,192.168.5.2,49154,192.168.7.2,10,0
3900,192.168.5.2,49155,192.168.8.2,10,0
3900,192.168.6.2,49153,192.168.7.2,11,0
3900,192.168.6.2,49154,192.168.8.2,11,0
3900,192.168.8.2,49153,192.168.8.2,9,0
3900,192.168.8.2,9,192.168.8.2,49153,0
3900,192.168.6.2,9,192.168.5.2,49153,6.93056
3900,192.168.7.2,11,192.168.6.2,49153,0
3900,192.168.7.2,10,192.168.5.2,49154,0
3900,192.168.8.2,11,192.168.6.2,49154,0
3900,192.168.8.2,10,192.168.5.2,49155,0
4000,192.168.1.2,49153,192.168.3.2,9,900.55
4000,192.168.2.2,49153,192.168.3.2,10,0
4000,192.168.3.2,9,192.168.1.2,49153,58.3565
4000,192.168.3.2,10,192.168.2.2,49153,0
4000,192.168.5.2,49153,192.168.6.2,9,106.891
4000,192.168.5.2,49154,192.168.7.2,10,0
4000,192.168.5.2,49155,192.168.8.2,10,0
4000,192.168.6.2,49153,192.168.7.2,11,0
4000,192.168.6.2,49154,192.168.8.2,11,0
4000,192.168.8.2,49153,192.168.8.2,9,0
4000,192.168.8.2,9,192.168.8.2,49153,0
4000,192.168.6.2,9,192.168.5.2,49153,6.93888
4000,192.168.7.2,11,192.168.6.2,49153,0
4000,192.168.7.2,10,192.168.5.2,49154,0
4000,192.168.8.2,11,192.168.6.2,49154,0
4000,192.168.8.2,10,192.168.5.2,49155,0
4100,192.168.1.2,49153,192.168.3.2,9,16.425
4100,192.168.2.2,49153,192.168.3.2,10,0.50912
4100,192.168.3.2,9,192.168.1.2,49153,1.42272
4100,192.168.3.2,10,192.168.2.2,49153,0.04064
4100,192.168.5.2,49153,192.168.6.2,9,106.891
4100,192.168.5.2,49154,192.168.7.2,10,172.28
4100,192.168.5.2,49155,192.168.8.2,10,156.452
4100,192.168.6.2,49153,192.168.7.2,11,163.353
4100,192.168.6.2,49154,192.168.8.2,11,159.95
4100,192.168.8.2,49153,192.168.8.2,9,0
4100,192.168.8.2,9,192.168.8.2,49153,0
4100,192.168.6.2,9,192.168.5.2,49153,6.93056
4100,192.168.7.2,11,192.168.6.2,49153,8.47392
4100,192.168.7.2,10,192.168.5.2,49154,10.3142
4100,192.168.8.2,11,192.168.6.2,49154,8.19712
4100,192.168.8.2,10,192.168.5.2,49155,7.93696
4200,192.168.1.2,49153,192.168.3.2,9,0
4200,192.168.2.2,49153,192.168.3.2,10,0
4200,192.168.3.2,9,192.168.1.2,49153,0
4200,192.168.3.2,10,192.168.2.2,49153,0
4200,192.168.5.2,49153,192.168.6.2,9,107.019
4200,192.168.5.2,49154,192.168.7.2,10,187.091
4200,192.168.5.2,49155,192.168.8.2,10,187.219
4200,192.168.6.2,49153,192.168.7.2,11,187.091
4200,192.168.6.2,49154,192.168.8.2,11,187.099
4200,192.168.8.2,49153,192.168.8.2,9,0
4200,192.168.8.2,9,192.168.8.2,49153,0
4200,192.168.6.2,9,192.168.5.2,49153,6.93056
4200,192.168.7.2,11,192.168.6.2,49153,12.1347
4200,192.168.7.2,10,192.168.5.2,49154,12.1306
4200,192.168.8.2,11,192.168.6.2,49154,12.1306
4200,192.168.8.2,10,192.168.5.2,49155,12.1306
4300,192.168.1.2,49153,192.168.3.2,9,0
4300,192.168.2.2,49153,192.168.3.2,10,0
4300,192.168.3.2,9,192.168.1.2,49153,0
4300,192.168.3.2,10,192.168.2.2,49153,0
4300,192.168.5.2,49153,192.168.6.2,9,106.891
4300,192.168.5.2,49154,192.168.7.2,10,187.211
4300,192.168.5.2,49155,192.168.8.2,10,187.091
4300,192.168.6.2,49153,192.168.7.2,11,187.219
4300,192.168.6.2,49154,192.168.8.2,11,187.091
4300,192.168.8.2,49153,192.168.8.2,9,0
4300,192.168.8.2,9,192.168.8.2,49153,0
4300,192.168.6.2,9,192.168.5.2,49153,6.93888
4300,192.168.7.2,11,192.168.6.2,49153,12.1347
4300,192.168.7.2,10,192.168.5.2,49154,12.1389
4300,192.168.8.2,11,192.168.6.2,49154,12.1347
4300,192.168.8.2,10,192.168.5.2,49155,12.1306
4400,192.168.1.2,49153,192.168.3.2,9,0
4400,192.168.2.2,49153,192.168.3.2,10,0
4400,192.168.3.2,9,192.168.1.2,49153,0
4400,192.168.3.2,10,192.168.2.2,49153,0
4400,192.168.5.2,49153,192.168.6.2,9,106.891
4400,192.168.5.2,49154,192.168.7.2,10,187.099
4400,192.168.5.2,49155,192.168.8.2,10,187.091
4400,192.168.6.2,49153,192.168.7.2,11,187.091
4400,192.168.6.2,49154,192.168.8.2,11,187.211
4400,192.168.8.2,49153,192.168.8.2,9,0
4400,192.168.8.2,9,192.168.8.2,49153,0
4400,192.168.6.2,9,192.168.5.2,49153,6.93056
4400,192.168.7.2,11,192.168.6.2,49153,12.1306
4400,192.168.7.2,10,192.168.5.2,49154,12.1306
4400,192.168.8.2,11,192.168.6.2,49154,12.1347
4400,192.168.8.2,10,192.168.5.2,49155,12.1389
4500,192.168.1.2,49153,192.168.3.2,9,0
4500,192.168.2.2,49153,192.168.3.2,10,0
4500,192.168.3.2,9,192.168.1.2,49153,0
4500,192.168.3.2,10,192.168.2.2,49153,0
4500,192.168.5.2,49153,192.168.6.2,9,107.019
4500,192.168.5.2,49154,192.168.7.2,10,187.091
4500,192.168.5.2,49155,192.168.8.2,10,187.219
4500,192.168.6.2,49153,192.168.7.2,11,187.091
4500,192.168.6.2,49154,192.168.8.2,11,187.099
4500,192.168.8.2,49153,192.168.8.2,9,0
4500,192.168.8.2,9,192.168.8.2,49153,0
4500,192.168.6.2,9,192.168.5.2,49153,6.93056
4500,192.168.7.2,11,192.168.6.2,49153,12.1347
4500,192.168.7.2,10,192.168.5.2,49154,12.1306
4500,192.168.8.2,11,192.168.6.2,49154,12.1306
4500,192.168.8.2,10,192.168.5.2,49155,12.1306
4600,192.168.1.2,49153,192.168.3.2,9,0
4600,192.168.2.2,49153,192.168.3.2,10,0
4600,192.168.3.2,9,192.168.1.2,49153,0
4600,192.168.3.2,10,192.168.2.2,49153,0
4600,192.168.5.2,49153,192.168.6.2,9,106.891
4600,192.168.5.2,49154,192.168.7.2,10,187.219
4600,192.168.5.2,49155,192.168.8.2,10,187.091
4600,192.168.6.2,49153,192.168.7.2,11,187.219
4600,192.168.6.2,49154,192.168.8.2,11,187.091
4600,192.168.8.2,49153,192.168.8.2,9,0
4600,192.168.8.2,9,192.168.8.2,49153,0
4600,192.168.6.2,9,192.168.5.2,49153,6.93888
4600,192.168.7.2,11,192.168.6.2,49153,12.1347
4600,192.168.7.2,10,192.168.5.2,49154,12.1389
4600,192.168.8.2,11,192.168.6.2,49154,12.1347
4600,192.168.8.2,10,192.168.5.2,49155,12.1306
4700,192.168.1.2,49153,192.168.3.2,9,0
4700,192.168.2.2,49153,192.168.3.2,10,0
4700,192.168.3.2,9,192.168.1.2,49153,0
4700,192.168.3.2,10,192.168.2.2,49153,0
4700,192.168.5.2,49153,192.168.6.2,9,106.891
4700,192.168.5.2,49154,192.168.7.2,10,187.091
4700,192.168.5.2,49155,192.168.8.2,10,187.211
4700,192.168.6.2,49153,192.168.7.2,11,187.091
4700,192.168.6.2,49154,192.168.8.2,11,187.211
4700,192.168.8.2,49153,192.168.8.2,9,0
4700,192.168.8.2,9,192.168.8.2,49153,0
4700,192.168.6.2,9,192.168.5.2,49153,6.93056
4700,192.168.7.2,11,192.168.6.2,49153,12.1306
4700,192.168.7.2,10,192.168.5.2,49154,12.1306
4700,192.168.8.2,11,192.168.6.2,49154,12.1347
4700,192.168.8.2,10,192.168.5.2,49155,12.1389
4800,192.168.1.2,49153,192.168.3.2,9,0
4800,192.168.2.2,49153,192.168.3.2,10,0
4800,192.168.3.2,9,192.168.1.2,49153,0
4800,192.168.3.2,10,192.168.2.2,49153,0
4800,192.168.5.2,49153,192.168.6.2,9,107.019
4800,192.168.5.2,49154,192.168.7.2,10,187.091
4800,192.168.5.2,49155,192.168.8.2,10,187.099
4800,192.168.6.2,49153,192.168.7.2,11,187.091
4800,192.168.6.2,49154,192.168.8.2,11,187.099
4800,192.168.8.2,49153,192.168.8.2,9,0
4800,192.168.8.2,9,192.168.8.2,49153,0
4800,192.168.6.2,9,192.168.5.2,49153,6.93056
4800,192.168.7.2,11,192.168.6.2,49153,12.1347
4800,192.168.7.2,10,192.168.5.2,49154,12.1306
4800,192.168.8.2,11,192.168.6.2,49154,12.1306
4800,192.168.8.2,10,192.168.5.2,49155,12.1306
4900,192.168.1.2,49153,192.168.3.2,9,0
4900,192.168.2.2,49153,192.168.3.2,10,0
4900,192.168.3.2,9,192.168.1.2,49153,0
4900,192.168.3.2,10,192.168.2.2,49153,0
4900,192.168.5.2,49153,192.168.6.2,9,106.891
4900,192.168.5.2,49154,192.168.7.2,10,187.219
4900,192.168.5.2,49155,192.168.8.2,10,187.091
4900,192.168.6.2,49153,192.168.7.2,11,187.219
4900,192.168.6.2,49154,192.168.8.2,11,187.091
4900,192.168.8.2,49153,192.168.8.2,9,0
4900,192.168.8.2,9,192.168.8.2,49153,0
4900,192.168.6.2,9,192.168.5.2,49153,6.93888
4900,192.168.7.2,11,192.168.6.2,49153,12.1347
4900,192.168.7.2,10,192.168.5.2,49154,12.1389
4900,192.168.8.2,11,192.168.6.2,49154,12.1347
4900,192.168.8.2,10,192.168.5.2,49155,12.1306
5000,192.168.1.2,49153,192.168.3.2,9,0
5000,192.168.2.2,49153,192.168.3.2,10,0
5000,192.168.3.2,9,192.168.1.2,49153,0
5000,192.168.3.2,10,192.168.2.2,49153,0
5000,192.168.5.2,49153,192.168.6.2,9,106.891
5000,192.168.5.2,49154,192.168.7.2,10,187.091
5000,192.168.5.2,49155,192.168.8.2,10,187.219
5000,192.168.6.2,49153,192.168.7.2,11,187.091
5000,192.168.6.2,49154,192.168.8.2,11,187.219
5000,192.168.8.2,49153,192.168.8.2,9,0
5000,192.168.8.2,9,192.168.8.2,49153,0
5000,192.168.6.2,9,192.168.5.2,49153,6.93056
5000,192.168.7.2,11,192.168.6.2,49153,12.1306
5000,192.168.7.2,10,192.168.5.2,49154,12.1306
5000,192.168.8.2,11,192.168.6.2,49154,12.1347
5000,192.168.8.2,10,192.168.5.2,49155,12.1389
5100,192.168.1.2,49153,192.168.3.2,9,294.45
5100,192.168.2.2,49153,192.168.3.2,10,171.985
5100,192.168.3.2,9,192.168.1.2,49153,13.896
5100,192.168.3.2,10,192.168.2.2,49153,5.89888
5100,192.168.5.2,49153,192.168.6.2,9,107.019
5100,192.168.5.2,49154,192.168.7.2,10,132.019
5100,192.168.5.2,49155,192.168.8.2,10,110.932
5100,192.168.6.2,49153,192.168.7.2,11,142.261
5100,192.168.6.2,49154,192.168.8.2,11,142.132
5100,192.168.8.2,49153,192.168.8.2,9,0
5100,192.168.8.2,9,192.168.8.2,49153,0
5100,192.168.6.2,9,192.168.5.2,49153,6.93056
5100,192.168.7.2,11,192.168.6.2,49153,5.25408
5100,192.168.7.2,10,192.168.5.2,49154,4.87968
5100,192.168.8.2,11,192.168.6.2,49154,5.24992
5100,192.168.8.2,10,192.168.5.2,49155,4.18688
5200,192.168.1.2,49153,192.168.3.2,9,191.045
5200,192.168.2.2,49153,192.168.3.2,10,149.611
5200,192.168.3.2,9,192.168.1.2,49153,6.936
5200,192.168.3.2,10,192.168.2.2,49153,5.48992
5200,192.168.5.2,49153,192.168.6.2,9,106.891
5200,192.168.5.2,49154,192.168.7.2,10,159.551
5200,192.168.5.2,49155,192.168.8.2,10,148.968
5200,192.168.6.2,49153,192.168.7.2,11,164.339
5200,192.168.6.2,49154,192.168.8.2,11,184.59
5200,192.168.8.2,49153,192.168.8.2,9,0
5200,192.168.8.2,9,192.168.8.2,49153,0
5200,192.168.6.2,9,192.168.5.2,49153,6.93888
5200,192.168.7.2,11,192.168.6.2,49153,7.17312
5200,192.168.7.2,10,192.168.5.2,49154,6.8256
5200,192.168.8.2,11,192.168.6.2,49154,8.91232
5200,192.168.8.2,10,192.168.5.2,49155,6.18048
5300,192.168.1.2,49153,192.168.3.2,9,0
5300,192.168.2.2,49153,192.168.3.2,10,258.84
5300,192.168.3.2,9,192.168.1.2,49153,0
5300,192.168.3.2,10,192.168.2.2,49153,8.97728
5300,192.168.5.2,49153,192.168.6.2,9,106.891
5300,192.168.5.2,49154,192.168.7.2,10,184.781
5300,192.168.5.2,49155,192.168.8.2,10,184.781
5300,192.168.6.2,49153,192.168.7.2,11,184.661
5300,192.168.6.2,49154,192.168.8.2,11,184.781
5300,192.168.8.2,49153,192.168.8.2,9,0
5300,192.168.8.2,9,192.168.8.2,49153,0
5300,192.168.6.2,9,192.168.5.2,49153,6.93056
5300,192.168.7.2,11,192.168.6.2,49153,11.9725
5300,192.168.7.2,10,192.168.5.2,49154,11.9725
5300,192.168.8.2,11,192.168.6.2,49154,11.9808
5300,192.168.8.2,10,192.168.5.2,49155,11.9808
5400,192.168.1.2,49153,192.168.3.2,9,0
5400,192.168.2.2,49153,192.168.3.2,10,413.76
5400,192.168.3.2,9,192.168.1.2,49153,0
5400,192.168.3.2,10,192.168.2.2,49153,14.3021
5400,192.168.5.2,49153,192.168.6.2,9,107.019
5400,192.168.5.2,49154,192.168.7.2,10,187.86
5400,192.168.5.2,49155,192.168.8.2,10,21.152
5400,192.168.6.2,49153,192.168.7.2,11,187.86
5400,192.168.6.2,49154,192.168.8.2,11,187.362
5400,192.168.8.2,49153,192.168.8.2,9,0
5400,192.168.8.2,9,192.168.8.2,49153,0
5400,192.168.6.2,9,192.168.5.2,49153,6.93056
5400,192.168.7.2,11,192.168.6.2,49153,12.1805
5400,192.168.7.2,10,192.168.5.2,49154,12.1805
5400,192.168.8.2,11,192.168.6.2,49154,11.961
5400,192.168.8.2,10,192.168.5.2,49155,1.70496
5500,192.168.1.2,49153,192.168.3.2,9,0
5500,192.168.2.2,49153,192.168.3.2,10,435.935
5500,192.168.3.2,9,192.168.1.2,49153,0
5500,192.168.3.2,10,192.168.2.2,49153,16.8106
5500,192.168.5.2,49153,192.168.6.2,9,106.891
5500,192.168.5.2,49154,192.168.7.2,10,187.293
5500,192.168.5.2,49155,192.168.8.2,10,0
5500,192.168.6.2,49153,192.168.7.2,11,187.347
5500,192.168.6.2,49154,192.168.8.2,11,187.364
5500,192.168.8.2,49153,192.168.8.2,9,0
5500,192.168.8.2,9,192.168.8.2,49153,0
5500,192.168.6.2,9,192.168.5.2,49153,6.93888
5500,192.168.7.2,11,192.168.6.2,49153,12.1472
5500,192.168.7.2,10,192.168.5.2,49154,12.1418
5500,192.168.8.2,11,192.168.6.2,49154,12.3014
5500,192.168.8.2,10,192.168.5.2,49155,0
5600,192.168.1.2,49153,192.168.3.2,9,0
5600,192.168.2.2,49153,192.168.3.2,10,435.99
5600,192.168.3.2,9,192.168.1.2,49153,0
5600,192.168.3.2,10,192.168.2.2,49153,16.6851
5600,192.168.5.2,49153,192.168.6.2,9,106.891
5600,192.168.5.2,49154,192.168.7.2,10,187.339
5600,192.168.5.2,49155,192.168.8.2,10,0
5600,192.168.6.2,49153,192.168.7.2,11,187.347
5600,192.168.6.2,49154,192.168.8.2,11,187.347
5600,192.168.8.2,49153,192.168.8.2,9,0
5600,192.168.8.2,9,192.168.8.2,49153,0
5600,192.168.6.2,9,192.168.5.2,49153,6.93056
5600,192.168.7.2,11,192.168.6.2,49153,12.1472
5600,192.168.7.2,10,192.168.5.2,49154,12.1472
5600,192.168.8.2,11,192.168.6.2,49154,12.2403
5600,192.168.8.2,10,192.168.5.2,49155,0
5700,192.168.1.2,49153,192.168.3.2,9,0
5700,192.168.2.2,49153,192.168.3.2,10,435.874
5700,192.168.3.2,9,192.168.1.2,49153,0
5700,192.168.3.2,10,192.168.2.2,49153,16.6218
5700,192.168.5.2,49153,192.168.6.2,9,107.019
5700,192.168.5.2,49154,192.168.7.2,10,187.356
5700,192.168.5.2,49155,192.168.8.2,10,0
5700,192.168.6.2,49153,192.168.7.2,11,187.347
5700,192.168.6.2,49154,192.168.8.2,11,187.331
5700,192.168.8.2,49153,192.168.8.2,9,0
5700,192.168.8.2,9,192.168.8.2,49153,0
5700,192.168.6.2,9,192.168.5.2,49153,6.93056
5700,192.168.7.2,11,192.168.6.2,49153,12.1472
5700,192.168.7.2,10,192.168.5.2,49154,12.1472
5700,192.168.8.2,11,192.168.6.2,49154,12.2758
5700,192.168.8.2,10,192.168.5.2,49155,0
5800,192.168.1.2,49153,192.168.3.2,9,0
5800,192.168.2.2,49153,192.168.3.2,10,440.597
5800,192.168.3.2,9,192.168.1.2,49153,0
5800,192.168.3.2,10,192.168.2.2,49153,17.1088
5800,192.168.5.2,49153,192.168.6.2,9,106.891
5800,192.168.5.2,49154,192.168.7.2,10,184.158
5800,192.168.5.2,49155,192.168.8.2,10,0
5800,192.168.6.2,49153,192.168.7.2,11,187.604
5800,192.168.6.2,49154,192.168.8.2,11,185.598
5800,192.168.8.2,49153,192.168.8.2,9,0
5800,192.168.8.2,9,192.168.8.2,49153,0
5800,192.168.6.2,9,192.168.5.2,49153,6.93888
5800,192.168.7.2,11,192.168.6.2,49153,12.1638
5800,192.168.7.2,10,192.168.5.2,49154,11.575
5800,192.168.8.2,11,192.168.6.2,49154,11.6358
5800,192.168.8.2,10,192.168.5.2,49155,0
5900,192.168.1.2,49153,192.168.3.2,9,0
5900,192.168.2.2,49153,192.168.3.2,10,443.567
5900,192.168.3.2,9,192.168.1.2,49153,0
5900,192.168.3.2,10,192.168.2.2,49153,16.4621
5900,192.168.5.2,49153,192.168.6.2,9,106.891
5900,192.168.5.2,49154,192.168.7.2,10,184.711
5900,192.168.5.2,49155,192.168.8.2,10,0
5900,192.168.6.2,49153,192.168.7.2,11,185.542
5900,192.168.6.2,49154,192.168.8.2,11,184.492
5900,192.168.8.2,49153,192.168.8.2,9,0
5900,192.168.8.2,9,192.168.8.2,49153,0
5900,192.168.6.2,9,192.168.5.2,49153,6.93056
5900,192.168.7.2,11,192.168.6.2,49153,12.0534
5900,192.168.7.2,10,192.168.5.2,49154,8.49088
5900,192.168.8.2,11,192.168.6.2,49154,8.46112
5900,192.168.8.2,10,192.168.5.2,49155,0
6000,192.168.1.2,49153,192.168.3.2,9,0
6000,192.168.2.2,49153,192.168.3.2,10,440.831
6000,192.168.3.2,9,192.168.1.2,49153,0
6000,192.168.3.2,10,192.168.2.2,49153,16.0982
6000,192.168.5.2,49153,192.168.6.2,9,107.019
6000,192.168.5.2,49154,192.168.7.2,10,182.755
6000,192.168.5.2,49155,192.168.8.2,10,0
6000,192.168.6.2,49153,192.168.7.2,11,187.239
6000,192.168.6.2,49154,192.168.8.2,11,187.314
6000,192.168.8.2,49153,192.168.8.2,9,0
6000,192.168.8.2,9,192.168.8.2,49153,0
6000,192.168.6.2,9,192.168.5.2,49153,6.93056
6000,192.168.7.2,11,192.168.6.2,49153,12.0566
6000,192.168.7.2,10,192.168.5.2,49154,7.6304
6000,192.168.8.2,11,192.168.6.2,49154,12.1546
6000,192.168.8.2,10,192.168.5.2,49155,0
6100,192.168.1.2,49153,192.168.3.2,9,0
6100,192.168.2.2,49153,192.168.3.2,10,13.4509
6100,192.168.3.2,9,192.168.1.2,49153,0
6100,192.168.3.2,10,192.168.2.2,49153,0.56992
6100,192.168.5.2,49153,192.168.6.2,9,106.891
6100,192.168.5.2,49154,192.168.7.2,10,189.272
6100,192.168.5.2,49155,192.168.8.2,10,0
6100,192.168.6.2,49153,192.168.7.2,11,189.272
6100,192.168.6.2,49154,192.168.8.2,11,189.272
6100,192.168.8.2,49153,192.168.8.2,9,0
6100,192.168.8.2,9,192.168.8.2,49153,0
6100,192.168.6.2,9,192.168.5.2,49153,6.93888
6100,192.168.7.2,11,192.168.6.2,49153,12.272
6100,192.168.7.2,10,192.168.5.2,49154,12.272
6100,192.168.8.2,11,192.168.6.2,49154,12.272
6100,192.168.8.2,10,192.168.5.2,49155,0
6200,192.168.1.2,49153,192.168.3.2,9,0.12
6200,192.168.2.2,49153,192.168.3.2,10,0
6200,192.168.3.2,9,192.168.1.2,49153,0.00416
6200,192.168.3.2,10,192.168.2.2,49153,0
6200,192.168.5.2,49153,192.168.6.2,9,106.891
6200,192.168.5.2,49154,192.168.7.2,10,187.091
6200,192.168.5.2,49155,192.168.8.2,10,0
6200,192.168.6.2,49153,192.168.7.2,11,187.091
6200,192.168.6.2,49154,192.168.8.2,11,187.219
6200,192.168.8.2,49153,192.168.8.2,9,0
6200,192.168.8.2,9,192.168.8.2,49153,0
6200,192.168.6.2,9,192.168.5.2,49153,6.93056
6200,192.168.7.2,11,192.168.6.2,49153,12.1306
6200,192.168.7.2,10,192.168.5.2,49154,12.1306
6200,192.168.8.2,11,192.168.6.2,49154,12.1306
6200,192.168.8.2,10,192.168.5.2,49155,0
6300,192.168.1.2,49153,192.168.3.2,9,0
6300,192.168.2.2,49153,192.168.3.2,10,0
6300,192.168.3.2,9,192.168.1.2,49153,0
6300,192.168.3.2,10,192.168.2.2,49153,0
6300,192.168.5.2,49153,192.168.6.2,9,107.019
6300,192.168.5.2,49154,192.168.7.2,10,187.091
6300,192.168.5.2,49155,192.168.8.2,10,0
6300,192.168.6.2,49153,192.168.7.2,11,187.211
6300,192.168.6.2,49154,192.168.8.2,11,187.091
6300,192.168.8.2,49153,192.168.8.2,9,0
6300,192.168.8.2,9,192.168.8.2,49153,0
6300,192.168.6.2,9,192.168.5.2,49153,6.93056
6300,192.168.7.2,11,192.168.6.2,49153,12.1389
6300,192.168.7.2,10,192.168.5.2,49154,12.1389
6300,192.168.8.2,11,192.168.6.2,49154,12.1306
6300,192.168.8.2,10,192.168.5.2,49155,0
6400,192.168.1.2,49153,192.168.3.2,9,0
6400,192.168.2.2,49153,192.168.3.2,10,0
6400,192.168.3.2,9,192.168.1.2,49153,0
6400,192.168.3.2,10,192.168.2.2,49153,0
6400,192.168.5.2,49153,192.168.6.2,9,106.891
6400,192.168.5.2,49154,192.168.7.2,10,187.219
6400,192.168.5.2,49155,192.168.8.2,10,171.028
6400,192.168.6.2,49153,192.168.7.2,11,187.099
6400,192.168.6.2,49154,192.168.8.2,11,187.211
6400,192.168.8.2,49153,192.168.8.2,9,0
6400,192.168.8.2,9,192.168.8.2,49153,0
6400,192.168.6.2,9,192.168.5.2,49153,6.93888
6400,192.168.7.2,11,192.168.6.2,49153,12.1306
6400,192.168.7.2,10,192.168.5.2,49154,12.1306
6400,192.168.8.2,11,192.168.6.2,49154,12.1389
6400,192.168.8.2,10,192.168.5.2,49155,9.7968
6500,192.168.1.2,49153,192.168.3.2,9,0
6500,192.168.2.2,49153,192.168.3.2,10,0
6500,192.168.3.2,9,192.168.1.2,49153,0
6500,192.168.3.2,10,192.168.2.2,49153,0
6500,192.168.5.2,49153,192.168.6.2,9,106.891
6500,192.168.5.2,49154,192.168.7.2,10,187.091
6500,192.168.5.2,49155,192.168.8.2,10,187.219
6500,192.168.6.2,49153,192.168.7.2,11,187.091
6500,192.168.6.2,49154,192.168.8.2,11,187.099
6500,192.168.8.2,49153,192.168.8.2,9,0
6500,192.168.8.2,9,192.168.8.2,49153,0
6500,192.168.6.2,9,192.168.5.2,49153,6.93056
6500,192.168.7.2,11,192.168.6.2,49153,12.1306
6500,192.168.7.2,10,192.168.5.2,49154,12.1306
6500,192.168.8.2,11,192.168.6.2,49154,12.1306
6500,192.168.8.2,10,192.168.5.2,49155,12.1306
6600,192.168.1.2,49153,192.168.3.2,9,0
6600,192.168.2.2,49153,192.168.3.2,10,0
6600,192.168.3.2,9,192.168.1.2,49153,0
6600,192.168.3.2,10,192.168.2.2,49153,0
6600,192.168.5.2,49153,192.168.6.2,9,107.019
6600,192.168.5.2,49154,192.168.7.2,10,187.091
6600,192.168.5.2,49155,192.168.8.2,10,187.091
6600,192.168.6.2,49153,192.168.7.2,11,187.211
6600,192.168.6.2,49154,192.168.8.2,11,187.091
6600,192.168.8.2,49153,192.168.8.2,9,0
6600,192.168.8.2,9,192.168.8.2,49153,0
6600,192.168.6.2,9,192.168.5.2,49153,6.93056
6600,192.168.7.2,11,192.168.6.2,49153,12.1389
6600,192.168.7.2,10,192.168.5.2,49154,12.1389
6600,192.168.8.2,11,192.168.6.2,49154,12.1306
6600,192.168.8.2,10,192.168.5.2,49155,12.1306
6700,192.168.1.2,49153,192.168.3.2,9,0
6700,192.168.2.2,49153,192.168.3.2,10,0
6700,192.168.3.2,9,192.168.1.2,49153,0
6700,192.168.3.2,10,192.168.2.2,49153,0
6700,192.168.5.2,49153,192.168.6.2,9,106.891
6700,192.168.5.2,49154,192.168.7.2,10,187.219
6700,192.168.5.2,49155,192.168.8.2,10,187.091
6700,192.168.6.2,49153,192.168.7.2,11,187.099
6700,192.168.6.2,49154,192.168.8.2,11,187.211
6700,192.168.8.2,49153,192.168.8.2,9,0
6700,192.168.8.2,9,192.168.8.2,49153,0
6700,192.168.6.2,9,192.168.5.2,49153,6.93888
6700,192.168.7.2,11,192.168.6.2,49153,12.1306
6700,192.168.7.2,10,192.168.5.2,49154,12.1306
6700,192.168.8.2,11,192.168.6.2,49154,12.1389
6700,192.168.8.2,10,192.168.5.2,49155,12.1389
6800,192.168.1.2,49153,192.168.3.2,9,0
6800,192.168.2.2,49153,192.168.3.2,10,0
6800,192.168.3.2,9,192.168.1.2,49153,0
6800,192.168.3.2,10,192.168.2.2,49153,0
6800,192.168.5.2,49153,192.168.6.2,9,106.891
6800,192.168.5.2,49154,192.168.7.2,10,187.091
6800,192.168.5.2,49155,192.168.8.2,10,187.219
6800,192.168.6.2,49153,192.168.7.2,11,187.091
6800,192.168.6.2,49154,192.168.8.2,11,187.099
6800,192.168.8.2,49153,192.168.8.2,9,0
6800,192.168.8.2,9,192.168.8.2,49153,0
6800,192.168.6.2,9,192.168.5.2,49153,6.93056
6800,192.168.7.2,11,192.168.6.2,49153,12.1306
6800,192.168.7.2,10,192.168.5.2,49154,12.1306
6800,192.168.8.2,11,192.168.6.2,49154,12.1306
6800,192.168.8.2,10,192.168.5.2,49155,12.1306
6900,192.168.1.2,49153,192.168.3.2,9,0
6900,192.168.2.2,49153,192.168.3.2,10,0
6900,192.168.3.2,9,192.168.1.2,49153,0
6900,192.168.3.2,10,192.168.2.2,49153,0
6900,192.168.5.2,49153,192.168.6.2,9,107.019
6900,192.168.5.2,49154,192.168.7.2,10,187.091
6900,192.168.5.2,49155,192.168.8.2,10,187.091
6900,192.168.6.2,49153,192.168.7.2,11,187.211
6900,192.168.6.2,49154,192.168.8.2,11,187.091
6900,192.168.8.2,49153,192.168.8.2,9,0
6900,192.168.8.2,9,192.168.8.2,49153,0
6900,192.168.6.2,9,192.168.5.2,49153,6.93056
6900,192.168.7.2,11,192.168.6.2,49153,12.1389
6900,192.168.7.2,10,192.168.5.2,49154,12.1389
6900,192.168.8.2,11,192.168.6.2,49154,12.1306
6900,192.168.8.2,10,192.168.5.2,49155,12.1306
7000,192.168.1.2,49153,192.168.3.2,9,0
7000,192.168.2.2,49153,192.168.3.2,10,0
7000,192.168.3.2,9,192.168.1.2,49153,0
7000,192.168.3.2,10,192.168.2.2,49153,0
7000,192.168.5.2,49153,192.168.6.2,9,106.891
7000,192.168.5.2,49154,192.168.7.2,10,187.219
7000,192.168.5.2,49155,192.168.8.2,10,187.091
7000,192.168.6.2,49153,192.168.7.2,11,187.099
7000,192.168.6.2,49154,192.168.8.2,11,187.211
7000,192.168.8.2,49153,192.168.8.2,9,0
7000,192.168.8.2,9,192.168.8.2,49153,0
7000,192.168.6.2,9,192.168.5.2,49153,6.93888
7000,192.168.7.2,11,192.168.6.2,49153,12.1306
7000,192.168.7.2,10,192.168.5.2,49154,12.1306
7000,192.168.8.2,11,192.168.6.2,49154,12.1389
7000,192.168.8.2,10,192.168.5.2,49155,12.1389
7100,192.168.1.2,49153,192.168.3.2,9,193.56
7100,192.168.2.2,49153,192.168.3.2,10,299.854
7100,192.168.3.2,9,192.168.1.2,49153,6.71008
7100,192.168.3.2,10,192.168.2.2,49153,11.9606
7100,192.168.5.2,49153,192.168.6.2,9,106.891
7100,192.168.5.2,49154,192.168.7.2,10,134.963
7100,192.168.5.2,49155,192.168.8.2,10,106.021
7100,192.168.6.2,49153,192.168.7.2,11,128.218
7100,192.168.6.2,49154,192.168.8.2,11,131.271
7100,192.168.8.2,49153,192.168.8.2,9,0
7100,192.168.8.2,9,192.168.8.2,49153,0
7100,192.168.6.2,9,192.168.5.2,49153,6.93056
7100,192.168.7.2,11,192.168.6.2,49153,5.216
7100,192.168.7.2,10,192.168.5.2,49154,5.60384
7100,192.168.8.2,11,192.168.6.2,49154,5.2896
7100,192.168.8.2,10,192.168.5.2,49155,3.99904
7200,192.168.1.2,49153,192.168.3.2,9,273.84
7200,192.168.2.2,49153,192.168.3.2,10,275.029
7200,192.168.3.2,9,192.168.1.2,49153,9.37248
7200,192.168.3.2,10,192.168.2.2,49153,9.87552
7200,192.168.5.2,49153,192.168.6.2,9,107.019
7200,192.168.5.2,49154,192.168.7.2,10,50.992
7200,192.168.5.2,49155,192.168.8.2,10,109.44
7200,192.168.6.2,49153,192.168.7.2,11,142.8
7200,192.168.6.2,49154,192.168.8.2,11,146.64
7200,192.168.8.2,49153,192.168.8.2,9,0
7200,192.168.8.2,9,192.168.8.2,49153,0
7200,192.168.6.2,9,192.168.5.2,49153,6.93056
7200,192.168.7.2,11,192.168.6.2,49153,5.01408
7200,192.168.7.2,10,192.168.5.2,49154,1.94272
7200,192.168.8.2,11,192.168.6.2,49154,5.18528
7200,192.168.8.2,10,192.168.5.2,49155,3.88576
7300,192.168.1.2,49153,192.168.3.2,9,284.841
7300,192.168.2.2,49153,192.168.3.2,10,265.824
7300,192.168.3.2,9,192.168.1.2,49153,10.2768
7300,192.168.3.2,10,192.168.2.2,49153,9.55296
7300,192.168.5.2,49153,192.168.6.2,9,106.891
7300,192.168.5.2,49154,192.168.7.2,10,0
7300,192.168.5.2,49155,192.168.8.2,10,137.4
7300,192.168.6.2,49153,192.168.7.2,11,155.173
7300,192.168.6.2,49154,192.168.8.2,11,155.385
7300,192.168.8.2,49153,192.168.8.2,9,0
7300,192.168.8.2,9,192.168.8.2,49153,0
7300,192.168.6.2,9,192.168.5.2,49153,6.93888
7300,192.168.7.2,11,192.168.6.2,49153,5.64864
7300,192.168.7.2,10,192.168.5.2,49154,0
7300,192.168.8.2,11,192.168.6.2,49154,5.49376
7300,192.168.8.2,10,192.168.5.2,49155,4.8032
7400,192.168.1.2,49153,192.168.3.2,9,278.274
7400,192.168.2.2,49153,192.168.3.2,10,263.004
7400,192.168.3.2,9,192.168.1.2,49153,9.70208
7400,192.168.3.2,10,192.168.2.2,49153,9.1088
7400,192.168.5.2,49153,192.168.6.2,9,106.891
7400,192.168.5.2,49154,192.168.7.2,10,0
7400,192.168.5.2,49155,192.168.8.2,10,162.6
7400,192.168.6.2,49153,192.168.7.2,11,150.24
7400,192.168.6.2,49154,192.168.8.2,11,144.48
7400,192.168.8.2,49153,192.168.8.2,9,0
7400,192.168.8.2,9,192.168.8.2,49153,0
7400,192.168.6.2,9,192.168.5.2,49153,6.93056
7400,192.168.7.2,11,192.168.6.2,49153,5.21568
7400,192.168.7.2,10,192.168.5.2,49154,0
7400,192.168.8.2,11,192.168.6.2,49154,5.11776
7400,192.168.8.2,10,192.168.5.2,49155,5.63264
7500,192.168.1.2,49153,192.168.3.2,9,207.505
7500,192.168.2.2,49153,192.168.3.2,10,243.641
7500,192.168.3.2,9,192.168.1.2,49153,7.56768
7500,192.168.3.2,10,192.168.2.2,49153,8.95552
7500,192.168.5.2,49153,192.168.6.2,9,107.019
7500,192.168.5.2,49154,192.168.7.2,10,0
7500,192.168.5.2,49155,192.168.8.2,10,189.632
7500,192.168.6.2,49153,192.168.7.2,11,186.017
7500,192.168.6.2,49154,192.168.8.2,11,171.525
7500,192.168.8.2,49153,192.168.8.2,9,0
7500,192.168.8.2,9,192.168.8.2,49153,0
7500,192.168.6.2,9,192.168.5.2,49153,6.93056
7500,192.168.7.2,11,192.168.6.2,49153,11.3891
7500,192.168.7.2,10,192.168.5.2,49154,0
7500,192.168.8.2,11,192.168.6.2,49154,6.1152
7500,192.168.8.2,10,192.168.5.2,49155,11.8352
7600,192.168.1.2,49153,192.168.3.2,9,235.74
7600,192.168.2.2,49153,192.168.3.2,10,353.52
7600,192.168.3.2,9,192.168.1.2,49153,8.29344
7600,192.168.3.2,10,192.168.2.2,49153,12.2346
7600,192.168.5.2,49153,192.168.6.2,9,106.891
7600,192.168.5.2,49154,192.168.7.2,10,0
7600,192.168.5.2,49155,192.168.8.2,10,30.2045
7600,192.168.6.2,49153,192.168.7.2,11,187.112
7600,192.168.6.2,49154,192.168.8.2,11,191.69
7600,192.168.8.2,49153,192.168.8.2,9,0
7600,192.168.8.2,9,192.168.8.2,49153,0
7600,192.168.6.2,9,192.168.5.2,49153,6.93888
7600,192.168.7.2,11,192.168.6.2,49153,11.6112
7600,192.168.7.2,10,192.168.5.2,49154,0
7600,192.168.8.2,11,192.168.6.2,49154,10.8784
7600,192.168.8.2,10,192.168.5.2,49155,2.20672
7700,192.168.1.2,49153,192.168.3.2,9,299.28
7700,192.168.2.2,49153,192.168.3.2,10,334.312
7700,192.168.3.2,9,192.168.1.2,49153,10.425
7700,192.168.3.2,10,192.168.2.2,49153,12.2058
7700,192.168.5.2,49153,192.168.6.2,9,106.891
7700,192.168.5.2,49154,192.168.7.2,10,0
7700,192.168.5.2,49155,192.168.8.2,10,0
7700,192.168.6.2,49153,192.168.7.2,11,179.687
7700,192.168.6.2,49154,192.168.8.2,11,185.133
7700,192.168.8.2,49153,192.168.8.2,9,0
7700,192.168.8.2,9,192.168.8.2,49153,0
7700,192.168.6.2,9,192.168.5.2,49153,6.93056
7700,192.168.7.2,11,192.168.6.2,49153,9.03712
7700,192.168.7.2,10,192.168.5.2,49154,0
7700,192.168.8.2,11,192.168.6.2,49154,10.7437
7700,192.168.8.2,10,192.168.5.2,49155,0
7800,192.168.1.2,49153,192.168.3.2,9,314.268
7800,192.168.2.2,49153,192.168.3.2,10,308.087
7800,192.168.3.2,9,192.168.1.2,49153,11.2045
7800,192.168.3.2,10,192.168.2.2,49153,10.9814
7800,192.168.5.2,49153,192.168.6.2,9,107.019
7800,192.168.5.2,49154,192.168.7.2,10,0
7800,192.168.5.2,49155,192.168.8.2,10,0
7800,192.168.6.2,49153,192.168.7.2,11,188.416
7800,192.168.6.2,49154,192.168.8.2,11,187.525
7800,192.168.8.2,49153,192.168.8.2,9,0
7800,192.168.8.2,9,192.168.8.2,49153,0
7800,192.168.6.2,9,192.168.5.2,49153,6.93056
7800,192.168.7.2,11,192.168.6.2,49153,9.23296
7800,192.168.7.2,10,192.168.5.2,49154,0
7800,192.168.8.2,11,192.168.6.2,49154,12.2634
7800,192.168.8.2,10,192.168.5.2,49155,0
7900,192.168.1.2,49153,192.168.3.2,9,372.195
7900,192.168.2.2,49153,192.168.3.2,10,313.609
7900,192.168.3.2,9,192.168.1.2,49153,13.0874
7900,192.168.3.2,10,192.168.2.2,49153,11.1251
7900,192.168.5.2,49153,192.168.6.2,9,106.891
7900,192.168.5.2,49154,192.168.7.2,10,0
7900,192.168.5.2,49155,192.168.8.2,10,0
7900,192.168.6.2,49153,192.168.7.2,11,187.732
7900,192.168.6.2,49154,192.168.8.2,11,124.685
7900,192.168.8.2,49153,192.168.8.2,9,0
7900,192.168.8.2,9,192.168.8.2,49153,0
7900,192.168.6.2,9,192.168.5.2,49153,6.93888
7900,192.168.7.2,11,192.168.6.2,49153,12.1722
7900,192.168.7.2,10,192.168.5.2,49154,0
7900,192.168.8.2,11,192.168.6.2,49154,8.39136
7900,192.168.8.2,10,192.168.5.2,49155,0
8000,192.168.1.2,49153,192.168.3.2,9,453.921
8000,192.168.2.2,49153,192.168.3.2,10,357.6
8000,192.168.3.2,9,192.168.1.2,49153,29.3779
8000,192.168.3.2,10,192.168.2.2,49153,12.3427
8000,192.168.5.2,49153,192.168.6.2,9,106.891
8000,192.168.5.2,49154,192.168.7.2,10,0
8000,192.168.5.2,49155,192.168.8.2,10,0
8000,192.168.6.2,49153,192.168.7.2,11,186.449
8000,192.168.6.2,49154,192.168.8.2,11,0
8000,192.168.8.2,49153,192.168.8.2,9,0
8000,192.168.8.2,9,192.168.8.2,49153,0
8000,192.168.6.2,9,192.168.5.2,49153,6.93056
8000,192.168.7.2,11,192.168.6.2,49153,12.089
8000,192.168.7.2,10,192.168.5.2,49154,0
8000,192.168.8.2,11,192.168.6.2,49154,0
8000,192.168.8.2,10,192.168.5.2,49155,0
8100,192.168.1.2,49153,192.168.3.2,9,12.447
8100,192.168.2.2,49153,192.168.3.2,10,14.3088
8100,192.168.3.2,9,192.168.1.2,49153,0.89664
8100,192.168.3.2,10,192.168.2.2,49153,0.67328
8100,192.168.5.2,49153,192.168.6.2,9,107.019
8100,192.168.5.2,49154,192.168.7.2,10,0
8100,192.168.5.2,49155,192.168.8.2,10,0
8100,192.168.6.2,49153,192.168.7.2,11,189.785
8100,192.168.6.2,49154,192.168.8.2,11,0
8100,192.168.8.2,49153,192.168.8.2,9,0
8100,192.168.8.2,9,192.168.8.2,49153,0
8100,192.168.6.2,9,192.168.5.2,49153,6.93056
8100,192.168.7.2,11,192.168.6.2,49153,12.3053
8100,192.168.7.2,10,192.168.5.2,49154,0
8100,192.168.8.2,11,192.168.6.2,49154,0
8100,192.168.8.2,10,192.168.5.2,49155,0
8200,192.168.1.2,49153,192.168.3.2,9,0
8200,192.168.2.2,49153,192.168.3.2,10,0
8200,192.168.3.2,9,192.168.1.2,49153,0
8200,192.168.3.2,10,192.168.2.2,49153,0
8200,192.168.5.2,49153,192.168.6.2,9,106.891
8200,192.168.5.2,49154,192.168.7.2,10,123.487
8200,192.168.5.2,49155,192.168.8.2,10,0
8200,192.168.6.2,49153,192.168.7.2,11,187.091
8200,192.168.6.2,49154,192.168.8.2,11,0
8200,192.168.8.2,49153,192.168.8.2,9,0
8200,192.168.8.2,9,192.168.8.2,49153,0
8200,192.168.6.2,9,192.168.5.2,49153,6.93888
8200,192.168.7.2,11,192.168.6.2,49153,12.1306
8200,192.168.7.2,10,192.168.5.2,49154,6.77664
8200,192.168.8.2,11,192.168.6.2,49154,0
8200,192.168.8.2,10,192.168.5.2,49155,0
8300,192.168.1.2,49153,192.168.3.2,9,0
8300,192.168.2.2,49153,192.168.3.2,10,0
8300,192.168.3.2,9,192.168.1.2,49153,0
8300,192.168.3.2,10,192.168.2.2,49153,0
8300,192.168.5.2,49153,192.168.6.2,9,106.891
8300,192.168.5.2,49154,192.168.7.2,10,187.091
8300,192.168.5.2,49155,192.168.8.2,10,0
8300,192.168.6.2,49153,192.168.7.2,11,187.091
8300,192.168.6.2,49154,192.168.8.2,11,0
8300,192.168.8.2,49153,192.168.8.2,9,0
8300,192.168.8.2,9,192.168.8.2,49153,0
8300,192.168.6.2,9,192.168.5.2,49153,6.93056
8300,192.168.7.2,11,192.168.6.2,49153,12.1347
8300,192.168.7.2,10,192.168.5.2,49154,12.1306
8300,192.168.8.2,11,192.168.6.2,49154,0
8300,192.168.8.2,10,192.168.5.2,49155,0
8400,192.168.1.2,49153,192.168.3.2,9,0
8400,192.168.2.2,49153,192.168.3.2,10,0
8400,192.168.3.2,9,192.168.1.2,49153,0
8400,192.168.3.2,10,192.168.2.2,49153,0
8400,192.168.5.2,49153,192.168.6.2,9,107.019
8400,192.168.5.2,49154,192.168.7.2,10,187.219
8400,192.168.5.2,49155,192.168.8.2,10,0
8400,192.168.6.2,49153,192.168.7.2,11,187.219
8400,192.168.6.2,49154,192.168.8.2,11,0
8400,192.168.8.2,49153,192.168.8.2,9,0
8400,192.168.8.2,9,192.168.8.2,49153,0
8400,192.168.6.2,9,192.168.5.2,49153,6.93056
8400,192.168.7.2,11,192.168.6.2,49153,12.1347
8400,192.168.7.2,10,192.168.5.2,49154,12.1389
8400,192.168.8.2,11,192.168.6.2,49154,0
8400,192.168.8.2,10,192.168.5.2,49155,0
8500,192.168.1.2,49153,192.168.3.2,9,0
8500,192.168.2.2,49153,192.168.3.2,10,0
8500,192.168.3.2,9,192.168.1.2,49153,0
8500,192.168.3.2,10,192.168.2.2,49153,0
8500,192.168.5.2,49153,192.168.6.2,9,106.891
8500,192.168.5.2,49154,192.168.7.2,10,187.091
8500,192.168.5.2,49155,192.168.8.2,10,0
8500,192.168.6.2,49153,192.168.7.2,11,187.091
8500,192.168.6.2,49154,192.168.8.2,11,0
8500,192.168.8.2,49153,192.168.8.2,9,0
8500,192.168.8.2,9,192.168.8.2,49153,0
8500,192.168.6.2,9,192.168.5.2,49153,6.93888
8500,192.168.7.2,11,192.168.6.2,49153,12.1306
8500,192.168.7.2,10,192.168.5.2,49154,12.1306
8500,192.168.8.2,11,192.168.6.2,49154,0
8500,192.168.8.2,10,192.168.5.2,49155,0
8600,192.168.1.2,49153,192.168.3.2,9,0
8600,192.168.2.2,49153,192.168.3.2,10,0
8600,192.168.3.2,9,192.168.1.2,49153,0
8600,192.168.3.2,10,192.168.2.2,49153,0
8600,192.168.5.2,49153,192.168.6.2,9,106.891
8600,192.168.5.2,49154,192.168.7.2,10,187.091
8600,192.168.5.2,49155,192.168.8.2,10,162.358
8600,192.168.6.2,49153,192.168.7.2,11,187.091
8600,192.168.6.2,49154,192.168.8.2,11,0
8600,192.168.8.2,49153,192.168.8.2,9,0
8600,192.168.8.2,9,192.168.8.2,49153,0
8600,192.168.6.2,9,192.168.5.2,49153,6.93056
8600,192.168.7.2,11,192.168.6.2,49153,12.1347
8600,192.168.7.2,10,192.168.5.2,49154,12.1306
8600,192.168.8.2,11,192.168.6.2,49154,0
8600,192.168.8.2,10,192.168.5.2,49155,9.63872
8700,192.168.1.2,49153,192.168.3.2,9,0
8700,192.168.2.2,49153,192.168.3.2,10,0
8700,192.168.3.2,9,192.168.1.2,49153,0
8700,192.168.3.2,10,192.168.2.2,49153,0
8700,192.168.5.2,49153,192.168.6.2,9,106.891
8700,192.168.5.2,49154,192.168.7.2,10,187.219
8700,192.168.5.2,49155,192.168.8.2,10,187.091
8700,192.168.6.2,49153,192.168.7.2,11,187.219
8700,192.168.6.2,49154,192.168.8.2,11,0
8700,192.168.8.2,49153,192.168.8.2,9,0
8700,192.168.8.2,9,192.168.8.2,49153,0
8700,192.168.6.2,9,192.168.5.2,49153,6.93056
8700,192.168.7.2,11,192.168.6.2,49153,12.1347
8700,192.168.7.2,10,192.168.5.2,49154,12.1389
8700,192.168.8.2,11,192.168.6.2,49154,0
8700,192.168.8.2,10,192.168.5.2,49155,12.1389
8800,192.168.1.2,49153,192.168.3.2,9,0
8800,192.168.2.2,49153,192.168.3.2,10,0
8800,192.168.3.2,9,192.168.1.2,49153,0
8800,192.168.3.2,10,192.168.2.2,49153,0
8800,192.168.5.2,49153,192.168.6.2,9,107.019
8800,192.168.5.2,49154,192.168.7.2,10,187.091
8800,192.168.5.2,49155,192.168.8.2,10,187.219
8800,192.168.6.2,49153,192.168.7.2,11,187.091
8800,192.168.6.2,49154,192.168.8.2,11,0
8800,192.168.8.2,49153,192.168.8.2,9,0
8800,192.168.8.2,9,192.168.8.2,49153,0
8800,192.168.6.2,9,192.168.5.2,49153,6.93888
8800,192.168.7.2,11,192.168.6.2,49153,12.1306
8800,192.168.7.2,10,192.168.5.2,49154,12.1306
8800,192.168.8.2,11,192.168.6.2,49154,0
8800,192.168.8.2,10,192.168.5.2,49155,12.1306
8900,192.168.1.2,49153,192.168.3.2,9,0
8900,192.168.2.2,49153,192.168.3.2,10,0
8900,192.168.3.2,9,192.168.1.2,49153,0
8900,192.168.3.2,10,192.168.2.2,49153,0
8900,192.168.5.2,49153,192.168.6.2,9,106.891
8900,192.168.5.2,49154,192.168.7.2,10,187.091
8900,192.168.5.2,49155,192.168.8.2,10,187.091
8900,192.168.6.2,49153,192.168.7.2,11,187.091
8900,192.168.6.2,49154,192.168.8.2,11,67.073
8900,192.168.8.2,49153,192.168.8.2,9,0
8900,192.168.8.2,9,192.168.8.2,49153,0
8900,192.168.6.2,9,192.168.5.2,49153,6.93056
8900,192.168.7.2,11,192.168.6.2,49153,12.1347
8900,192.168.7.2,10,192.168.5.2,49154,12.1306
8900,192.168.8.2,11,192.168.6.2,49154,3.27392
8900,192.168.8.2,10,192.168.5.2,49155,12.1306
9000,192.168.1.2,49153,192.168.3.2,9,0
9000,192.168.2.2,49153,192.168.3.2,10,0
9000,192.168.3.2,9,192.168.1.2,49153,0
9000,192.168.3.2,10,192.168.2.2,49153,0
9000,192.168.5.2,49153,192.168.6.2,9,107.011
9000,192.168.5.2,49154,192.168.7.2,10,187.219
9000,192.168.5.2,49155,192.168.8.2,10,187.091
9000,192.168.6.2,49153,192.168.7.2,11,187.219
9000,192.168.6.2,49154,192.168.8.2,11,187.091
9000,192.168.8.2,49153,192.168.8.2,9,0
9000,192.168.8.2,9,192.168.8.2,49153,0
9000,192.168.6.2,9,192.168.5.2,49153,6.93056
9000,192.168.7.2,11,192.168.6.2,49153,12.1347
9000,192.168.7.2,10,192.168.5.2,49154,12.1389
9000,192.168.8.2,11,192.168.6.2,49154,12.1306
9000,192.168.8.2,10,192.168.5.2,49155,12.1306
9100,192.168.1.2,49153,192.168.3.2,9,281.49
9100,192.168.2.2,49153,192.168.3.2,10,18.1245
9100,192.168.3.2,9,192.168.1.2,49153,10.2861
9100,192.168.3.2,10,192.168.2.2,49153,0.92096
9100,192.168.5.2,49153,192.168.6.2,9,106.899
9100,192.168.5.2,49154,192.168.7.2,10,159.706
9100,192.168.5.2,49155,192.168.8.2,10,167.531
9100,192.168.6.2,49153,192.168.7.2,11,184.561
9100,192.168.6.2,49154,192.168.8.2,11,182.207
9100,192.168.8.2,49153,192.168.8.2,9,0
9100,192.168.8.2,9,192.168.8.2,49153,0
9100,192.168.6.2,9,192.168.5.2,49153,6.93888
9100,192.168.7.2,11,192.168.6.2,49153,12.0557
9100,192.168.7.2,10,192.168.5.2,49154,5.85824
9100,192.168.8.2,11,192.168.6.2,49154,9.76224
9100,192.168.8.2,10,192.168.5.2,49155,6.18016
9200,192.168.1.2,49153,192.168.3.2,9,268.129
9200,192.168.2.2,49153,192.168.3.2,10,0
9200,192.168.3.2,9,192.168.1.2,49153,9.5024
9200,192.168.3.2,10,192.168.2.2,49153,0
9200,192.168.5.2,49153,192.168.6.2,9,106.891
9200,192.168.5.2,49154,192.168.7.2,10,182.838
9200,192.168.5.2,49155,192.168.8.2,10,186.959
9200,192.168.6.2,49153,192.168.7.2,11,187.347
9200,192.168.6.2,49154,192.168.8.2,11,172.852
9200,192.168.8.2,49153,192.168.8.2,9,0
9200,192.168.8.2,9,192.168.8.2,49153,0
9200,192.168.6.2,9,192.168.5.2,49153,6.93056
9200,192.168.7.2,11,192.168.6.2,49153,12.1472
9200,192.168.7.2,10,192.168.5.2,49154,8.8048
9200,192.168.8.2,11,192.168.6.2,49154,9.1312
9200,192.168.8.2,10,192.168.5.2,49155,9.12992
9300,192.168.1.2,49153,192.168.3.2,9,275.839
9300,192.168.2.2,49153,192.168.3.2,10,0
9300,192.168.3.2,9,192.168.1.2,49153,9.69344
9300,192.168.3.2,10,192.168.2.2,49153,0
9300,192.168.5.2,49153,192.168.6.2,9,106.891
9300,192.168.5.2,49154,192.168.7.2,10,185.818
9300,192.168.5.2,49155,192.168.8.2,10,164.281
9300,192.168.6.2,49153,192.168.7.2,11,186.962
9300,192.168.6.2,49154,192.168.8.2,11,185.149
9300,192.168.8.2,49153,192.168.8.2,9,0
9300,192.168.8.2,9,192.168.8.2,49153,0
9300,192.168.6.2,9,192.168.5.2,49153,6.93056
9300,192.168.7.2,11,192.168.6.2,49153,12.1264
9300,192.168.7.2,10,192.168.5.2,49154,11.1408
9300,192.168.8.2,11,192.168.6.2,49154,9.12704
9300,192.168.8.2,10,192.168.5.2,49155,8.31488
9400,192.168.1.2,49153,192.168.3.2,9,274.444
9400,192.168.2.2,49153,192.168.3.2,10,0
9400,192.168.3.2,9,192.168.1.2,49153,9.80896
9400,192.168.3.2,10,192.168.2.2,49153,0
9400,192.168.5.2,49153,192.168.6.2,9,107.019
9400,192.168.5.2,49154,192.168.7.2,10,187.091
9400,192.168.5.2,49155,192.168.8.2,10,185.578
9400,192.168.6.2,49153,192.168.7.2,11,187.091
9400,192.168.6.2,49154,192.168.8.2,11,163.822
9400,192.168.8.2,49153,192.168.8.2,9,0
9400,192.168.8.2,9,192.168.8.2,49153,0
9400,192.168.6.2,9,192.168.5.2,49153,6.93888
9400,192.168.7.2,11,192.168.6.2,49153,12.1264
9400,192.168.7.2,10,192.168.5.2,49154,12.1306
9400,192.168.8.2,11,192.168.6.2,49154,8.01536
9400,192.168.8.2,10,192.168.5.2,49155,9.2352
9500,192.168.1.2,49153,192.168.3.2,9,275.538
9500,192.168.2.2,49153,192.168.3.2,10,0
9500,192.168.3.2,9,192.168.1.2,49153,9.8016
9500,192.168.3.2,10,192.168.2.2,49153,0
9500,192.168.5.2,49153,192.168.6.2,9,106.891
9500,192.168.5.2,49154,192.168.7.2,10,185.981
9500,192.168.5.2,49155,192.168.8.2,10,167.266
9500,192.168.6.2,49153,192.168.7.2,11,186.962
9500,192.168.6.2,49154,192.168.8.2,11,182.374
9500,192.168.8.2,49153,192.168.8.2,9,0
9500,192.168.8.2,9,192.168.8.2,49153,0
9500,192.168.6.2,9,192.168.5.2,49153,6.93056
9500,192.168.7.2,11,192.168.6.2,49153,12.1222
9500,192.168.7.2,10,192.168.5.2,49154,11.3245
9500,192.168.8.2,11,192.168.6.2,49154,8.79104
9500,192.168.8.2,10,192.168.5.2,49155,7.77568
9600,192.168.1.2,49153,192.168.3.2,9,312.48
9600,192.168.2.2,49153,192.168.3.2,10,0
9600,192.168.3.2,9,192.168.1.2,49153,10.8074
9600,192.168.3.2,10,192.168.2.2,49153,0
9600,192.168.5.2,49153,192.168.6.2,9,107.019
9600,192.168.5.2,49154,192.168.7.2,10,175.108
9600,192.168.5.2,49155,192.168.8.2,10,186.147
9600,192.168.6.2,49153,192.168.7.2,11,186.449
9600,192.168.6.2,49154,192.168.8.2,11,138.068
9600,192.168.8.2,49153,192.168.8.2,9,0.00448
9600,192.168.8.2,9,192.168.8.2,49153,0.0032
9600,192.168.6.2,9,192.168.5.2,49153,6.93056
9600,192.168.7.2,11,192.168.6.2,49153,12.089
9600,192.168.7.2,10,192.168.5.2,49154,7.67552
9600,192.168.8.2,11,192.168.6.2,49154,6.3216
9600,192.168.8.2,10,192.168.5.2,49155,10.047
9700,192.168.1.2,49153,192.168.3.2,9,303.997
9700,192.168.2.2,49153,192.168.3.2,10,0
9700,192.168.3.2,9,192.168.1.2,49153,10.825
9700,192.168.3.2,10,192.168.2.2,49153,0
9700,192.168.5.2,49153,192.168.6.2,9,106.891
9700,192.168.5.2,49154,192.168.7.2,10,189.9
9700,192.168.5.2,49155,192.168.8.2,10,154.618
9700,192.168.6.2,49153,192.168.7.2,11,186.79
9700,192.168.6.2,49154,192.168.8.2,11,162.96
9700,192.168.8.2,49153,192.168.8.2,9,0
9700,192.168.8.2,9,192.168.8.2,49153,0
9700,192.168.6.2,9,192.168.5.2,49153,6.93888
9700,192.168.7.2,11,192.168.6.2,49153,11.8512
9700,192.168.7.2,10,192.168.5.2,49154,11.7123
9700,192.168.8.2,11,192.168.6.2,49154,5.67904
9700,192.168.8.2,10,192.168.5.2,49155,5.50528
9800,192.168.1.2,49153,192.168.3.2,9,365.893
9800,192.168.2.2,49153,192.168.3.2,10,0
9800,192.168.3.2,9,192.168.1.2,49153,12.9184
9800,192.168.3.2,10,192.168.2.2,49153,0
9800,192.168.5.2,49153,192.168.6.2,9,106.891
9800,192.168.5.2,49154,192.168.7.2,10,155.35
9800,192.168.5.2,49155,192.168.8.2,10,114.069
9800,192.168.6.2,49153,192.168.7.2,11,170.465
9800,192.168.6.2,49154,192.168.8.2,11,192.554
9800,192.168.8.2,49153,192.168.8.2,9,0
9800,192.168.8.2,9,192.168.8.2,49153,0
9800,192.168.6.2,9,192.168.5.2,49153,6.93056
9800,192.168.7.2,11,192.168.6.2,49153,7.67232
9800,192.168.7.2,10,192.168.5.2,49154,6.87136
9800,192.168.8.2,11,192.168.6.2,49154,11.0323
9800,192.168.8.2,10,192.168.5.2,49155,5.57664
9900,192.168.1.2,49153,192.168.3.2,9,435.455
9900,192.168.2.2,49153,192.168.3.2,10,0
9900,192.168.3.2,9,192.168.1.2,49153,17.0858
9900,192.168.3.2,10,192.168.2.2,49153,0
9900,192.168.5.2,49153,192.168.6.2,9,107.019
9900,192.168.5.2,49154,192.168.7.2,10,187.193
9900,192.168.5.2,49155,192.168.8.2,10,0
9900,192.168.6.2,49153,192.168.7.2,11,187.356
9900,192.168.6.2,49154,192.168.8.2,11,187.845
9900,192.168.8.2,49153,192.168.8.2,9,0
9900,192.168.8.2,9,192.168.8.2,49153,0
9900,192.168.6.2,9,192.168.5.2,49153,6.93056
9900,192.168.7.2,11,192.168.6.2,49153,12.1514
9900,192.168.7.2,10,192.168.5.2,49154,11.9562
9900,192.168.8.2,11,192.168.6.2,49154,11.7376
9900,192.168.8.2,10,192.168.5.2,49155,0
